[
    {
        "id": "TestUIMBICov",
        "displayName": "Uninsured/Underinsured Motorist - Bodily Injury",
        "selected": true,
        "termsId": "TestCovUMUIMBILimits",
        "termsDisplayName": "Uninsured/Underinsured Motorist - BI Limits",
        "optionsoemthing": {
            "choiceValue": {
                "code": "250K500Kusd",
                "name": "$250,000/$500,000"
            }
        },
        "availableChoices": [
            {
                "code": "50K60Kusd",
                "name": "$50,000/$60,000",
                "disabled": true
            },
            {
                "code": "70K100Kusd",
                "name": "$70,000/$100,000",
                "disabled": false
            },
            {
                "code": "100K300Kusd",
                "name": "$100,000/$300,000",
                "disabled": true
            },
            {
                "code": "250K500Kusd",
                "name": "$250,000/$500,000",
                "disabled": true
            }
        ],
        "choiceValue": {
            "code": "250K500Kusd",
            "name": "$250,000/$500,000"
        },
        "recommendedValue": {
            "code": "50K100Kusd",
            "name": "$50,000/$100,000"
        },
        "covTermType": "choice",
        "required": true
    },
    {
        "id": "TestIMBICov",
        "displayName": "Bodily Injury",
        "selected": true,
        "termsId": "TestCovUMUIMBILimits",
        "termsDisplayName": "BI Limits",
        "availableChoices": [
            {
                "code": "40K60Kusd",
                "name": "$40,000/$60,000",
                "disabled": true
            },
            {
                "code": "50K100Kusd",
                "name": "$50,000/$100,000",
                "disabled": false
            },
            {
                "code": "100K300Kusd",
                "name": "$100,000/$300,000",
                "disabled": true
            },
            {
                "code": "250K500Kusd",
                "name": "$250,000/$500,000",
                "disabled": true
            }
        ],
        "choiceValue": {
            "code": "50K100Kusd",
            "name": "$50,000/$100,000"
        },
        "recommendedValue": {
            "code": "50K100Kusd",
            "name": "$50,000/$100,000"
        },
        "covTermType": "choice",
        "required": false
    },
    {
        "id": "TestUIMBICov_SecondOption",
        "displayName": "Uninsured/Underinsured Motorist - Bodily Injury",
        "selected": true,
        "termsId": "TestCovUMUIMBILimits",
        "termsDisplayName": "Uninsured/Underinsured Motorist - BI Limits",
        "availableChoices": [
            {
                "code": "50K60Kusd",
                "name": "$50,000/$60,000",
                "disabled": true
            },
            {
                "code": "70K100Kusd",
                "name": "$70,000/$100,000",
                "disabled": false
            },
            {
                "code": "100K300Kusd",
                "name": "$100,000/$300,000",
                "disabled": true
            },
            {
                "code": "250K500Kusd",
                "name": "$250,000/$500,000",
                "disabled": true
            }
        ],
        "choiceValue": {
            "code": "250K500Kusd",
            "name": "$250,000/$500,000"
        },
        "recommendedValue": {
            "code": "50K100Kusd",
            "name": "$50,000/$100,000"
        },
        "covTermType": "choice",
        "required": true
    },
    {
        "id": "TestIMBICov_SecondOption",
        "displayName": "Bodily Injury",
        "selected": true,
        "termsId": "TestCovUMUIMBILimits",
        "termsDisplayName": "BI Limits",
        "availableChoices": [
            {
                "code": "40K60Kusd",
                "name": "$40,000/$60,000",
                "disabled": true
            },
            {
                "code": "50K100Kusd",
                "name": "$50,000/$100,000",
                "disabled": false
            },
            {
                "code": "100K300Kusd",
                "name": "$100,000/$300,000",
                "disabled": false
            },
            {
                "code": "250K500Kusd",
                "name": "$250,000/$500,000",
                "disabled": false
            }
        ],
        "choiceValue": {
            "code": "50K100Kusd",
            "name": "$50,000/$100,000"
        },
        "recommendedValue": {
            "code": "100K300Kusd",
            "name": "$100,000/$300,000"
        },
        "covTermType": "choice",
        "required": false
    },
    {
        "id": "TestUIMBICov_3",
        "displayName": "Uninsured/Underinsured Motorist - Bodily Injury",
        "selected": true,
        "termsId": "TestCovUMUIMBILimits",
        "termsDisplayName": "Uninsured/Underinsured Motorist - BI Limits",
        "availableChoices": [
            {
                "code": "50K60Kusd",
                "name": "$50,000/$60,000",
                "disabled": true
            },
            {
                "code": "70K100Kusd",
                "name": "$70,000/$100,000",
                "disabled": false
            },
            {
                "code": "100K300Kusd",
                "name": "$100,000/$300,000",
                "disabled": true
            },
            {
                "code": "250K500Kusd",
                "name": "$250,000/$500,000",
                "disabled": true
            }
        ],
        "choiceValue": {
            "code": "250K500Kusd",
            "name": "$250,000/$500,000"
        },
        "recommendedValue": {
            "code": "_TEST_NESTED_UIMBI",
            "name": "$50,000/$100,000"
        },
        "covTermType": "choice",
        "required": true
    },
    {
        "id": "TestIMBICov_3",
        "displayName": "Bodily Injury",
        "selected": true,
        "termsId": "TestCovUMUIMBILimits",
        "termsDisplayName": "BI Limits",
        "availableChoices": [
            {
                "code": "40K60Kusd",
                "name": "$40,000/$60,000",
                "disabled": false
            },
            {
                "code": "50K100Kusd",
                "name": "$50,000/$100,000",
                "disabled": false
            },
            {
                "code": "100K300Kusd",
                "name": "$100,000/$300,000",
                "disabled": true
            },
            {
                "code": "250K500Kusd",
                "name": "$250,000/$500,000",
                "disabled": true
            }
        ],
        "choiceValue": {
            "code": "50K100Kusd",
            "name": "$50,000/$100,000"
        },
        "recommendedValue": {
            "code": "_TEST_NESTED_IMBI",
            "name": "$100,000/$300,000"
        },
        "covTermType": "choice",
        "required": false
    }
]
