[
    {
        "conditions": {
            "all": [
                {
                    "fact": "targetFact",
                    "path": "$.choiceValue.code",
                    "operator": "equal",
                    "params": {
                        "searchValue": "TestIMBICov",
                        "searchFieldName": "id"
                    },
                    "value": {
                        "fact": "referenceFact",
                        "path": "$.choiceValue.code",
                        "params": {
                            "searchValue": "TestUIMBICov",
                            "searchFieldName": "id"
                        }
                    }
                }
            ]
        },
        "event": {
            "type": "choiceValueMustMatch",
            "params": {
                "message": "TestUIMBICov.choiceValue matching TestIMBICov.choiceValue",
                "eventType": "override",
                "fieldName": "choiceValue",
                "targetFactSearch": {
                    "searchValue": "TestIMBICov",
                    "searchFieldName": "id"
                },
                "referenceFactSearch": {
                    "searchValue": "TestUIMBICov",
                    "searchFieldName": "id"
                }
            }
        }
    },
    {
        "conditions": {
            "any": [
                {
                    "fact": "targetFact",
                    "path": "$.required",
                    "operator": "equal",
                    "params": {
                        "searchValue": "TestIMBICov",
                        "searchFieldName": "id"
                    },
                    "value": {
                        "fact": "referenceFact",
                        "path": "$.required",
                        "params": {
                            "searchValue": "TestUIMBICov",
                            "searchFieldName": "id"
                        }
                    }
                }
            ]
        },
        "event": {
            "type": "requiredMustMatch",
            "params": {
                "message": "Required in TestUIMBICov is checked",
                "eventType": "override",
                "fieldName": "required",
                "targetFactSearch": {
                    "searchValue": "TestIMBICov",
                    "searchFieldName": "id"
                },
                "referenceFactSearch": {
                    "searchValue": "TestUIMBICov",
                    "searchFieldName": "id"
                }
            }
        }
    },
    {
        "conditions": {
            "all": [
                {
                    "fact": "targetFact",
                    "path": "$.recommendedValue.code",
                    "operator": "equal",
                    "params": {
                        "searchValue": "TestIMBICov",
                        "searchFieldName": "id"
                    },
                    "value": {
                        "fact": "referenceFact",
                        "path": "$.recommendedValue.code",
                        "params": {
                            "searchValue": "TestUIMBICov",
                            "searchFieldName": "id"
                        }
                    }
                }
            ]
        },
        "event": {
            "type": "recommendedValueIsMatching",
            "params": {
                "message": "TestUIMBICov.recommendedValue can be matching TestIMBICov.recommendedValue, but we are just checking",
                "eventType": "nothing",
                "fieldName": "recommendedValue",
                "targetFactSearch": {
                    "searchValue": "TestIMBICov",
                    "searchFieldName": "id"
                },
                "referenceFactSearch": {
                    "searchValue": "TestUIMBICov",
                    "searchFieldName": "id"
                }
            }
        }
    },
    {
        "conditions": {
            "all": [
                {
                    "fact": "targetFact",
                    "path": "$.recommendedValue.code",
                    "operator": "equal",
                    "params": {
                        "searchValue": "TestIMBICov_SecondOption",
                        "searchFieldName": "id"
                    },
                    "value": {
                        "fact": "referenceFact",
                        "path": "$.recommendedValue.code",
                        "params": {
                            "searchValue": "TestUIMBICov",
                            "searchFieldName": "id"
                        }
                    }
                }
            ]
        },
        "event": {
            "type": "recommendedValueNotMatchingThenDisableAllChoices",
            "params": {
                "message": "TestIMBICov_SecondOption.recommendedValue not matching TestUIMBICov.recommendedValue, disabling all choices",
                "eventType": "disable-all-choices",
                "fieldName": "availableChoices",
                "targetFactSearch": {
                    "searchValue": "TestIMBICov_SecondOption",
                    "searchFieldName": "id"
                },
                "referenceFactSearch": {
                    "searchValue": "TestUIMBICov",
                    "searchFieldName": "id"
                }
            }
        }
    },
    {
        "conditions": {
            "all": [
                {
                    "fact": "targetFact",
                    "path": "$.recommendedValue.code",
                    "operator": "equal",
                    "params": {
                        "searchValue": "_TEST_NESTED_IMBI",
                        "searchFieldName": "recommendedValue.code"
                    },
                    "value": {
                        "fact": "referenceFact",
                        "path": "$.recommendedValue.code",
                        "params": {
                            "searchValue": "_TEST_NESTED_UIMBI",
                            "searchFieldName": "recommendedValue.code"
                        }
                    }
                }
            ]
        },
        "event": {
            "type": "testingNestedValues",
            "params": {
                "message": "TestIMBICov_3.recommendedValue.code not matching TestUIMBICov_3.recommendedValue.code, disabling all choices",
                "eventType": "disable-all-choices",
                "fieldName": "availableChoices",
                "targetFactSearch": {
                    "searchValue": "_TEST_NESTED_IMBI",
                    "searchFieldName": "recommendedValue.code"
                },
                "referenceFactSearch": {
                    "searchValue": "_TEST_NESTED_UIMBI",
                    "searchFieldName": "recommendedValue.code"
                }
            }
        }
    }
]
